startup_id,month,monthly_revenue_usd,cash_balance_usd,monthly_burn_usd,monthly_churn_rate,customer_acquisition_cost_usd,sales_marketing_spend_usd,new_arr_usd,gross_margin,cac_payback_months,nps,headcount,avg_time_to_fill_days,macro_stress_index,runway_months,mom_revenue_growth,revenue_score,runway_score,retention_score,growth_efficiency_score,customer_sentiment_score,team_capacity_score,board_or_advisory_group,stage,industry,region,governance_score,sharf_score,risk_tier,burn_recommendation,fundraising_readiness,remediation_priority
ST001,2025-01-01,55365.47,1984351.66,69420.41,0.0661,5281.1,53474.91,28323.47,0.7321,10.94,-1,7,41,0.574,28.58,0.0,33.3,100.0,44.9,62.2,21.1,70.0,True,Series A,Edtech,US Northeast,100.0,63.6,Watch,Maintain planned spend,Prepare for outreach,Customer sentiment
ST001,2025-02-01,51826.31,1930730.49,62333.97,0.0511,4711.65,85934.74,3109.58,0.8439,9.05,2,7,51,0.592,30.97,-0.0639,6.7,100.0,57.4,71.2,24.4,55.7,True,Series A,Edtech,US Northeast,100.0,61.3,Watch,Hold spend and review runway,Prepare for outreach,Revenue growth
ST001,2025-03-01,52048.57,1871686.4,64730.45,0.0354,5160.58,41311.12,3122.91,0.759,10.97,-14,7,63,0.6,28.92,0.0043,35.1,100.0,70.5,62.0,6.7,38.6,True,Series A,Edtech,US Northeast,100.0,64.0,Watch,Maintain planned spend,Prepare for outreach,Customer sentiment
ST001,2025-04-01,51346.72,1805112.69,73039.94,0.0586,4357.47,24870.0,3080.8,0.7543,9.45,8,9,72,0.595,24.71,-0.0135,27.7,100.0,51.2,69.3,31.1,25.7,True,Series A,Edtech,US Northeast,100.0,62.0,Watch,Hold spend and review runway,Prepare for outreach,Team capacity
ST001,2025-05-01,56289.83,1737144.41,77552.5,0.0509,4159.47,22409.81,65027.74,0.7908,10.09,-11,9,49,0.58,22.4,0.0963,73.5,100.0,57.6,66.2,10.0,58.6,True,Series A,Edtech,US Northeast,100.0,71.4,Stable,Maintain planned spend,Prepare for outreach,Customer sentiment
ST001,2025-06-01,58162.07,1655506.85,88255.94,0.0661,4366.65,41651.64,23214.23,0.5694,14.24,-8,9,56,0.557,18.76,0.0333,47.2,100.0,44.9,46.5,13.3,48.6,True,Series A,Edtech,US Northeast,100.0,61.4,Watch,Maintain planned spend,Prepare for outreach,Customer sentiment
ST001,2025-07-01,57150.18,1586108.94,78913.46,0.06,4335.03,71216.28,3429.01,0.606,13.52,-3,9,82,0.532,20.1,-0.0174,26.1,100.0,50.0,49.9,18.9,11.4,True,Series A,Edtech,US Northeast,100.0,56.5,Watch,Hold spend and review runway,Delay and fix blockers,Team capacity
ST001,2025-08-01,58500.8,1505463.61,85321.17,0.0459,4500.77,85993.6,16590.36,0.9,9.23,5,8,50,0.512,17.64,0.0236,43.2,97.6,61.7,70.3,27.8,57.1,True,Series A,Edtech,US Northeast,100.0,68.3,Watch,Maintain planned spend,Prepare for outreach,Customer sentiment
ST001,2025-09-01,62467.97,1432749.69,77915.97,0.0483,5142.23,63746.46,50834.51,0.7036,11.23,-10,8,63,0.501,18.39,0.0678,61.6,100.0,59.8,60.8,11.1,38.6,True,Series A,Edtech,US Northeast,100.0,67.4,Watch,Maintain planned spend,Prepare for outreach,Customer sentiment
ST001,2025-10-01,68928.26,1369035.02,71810.4,0.076,5017.8,56963.01,85540.74,0.7071,9.88,4,8,79,0.502,19.06,0.1034,76.4,100.0,36.7,67.2,26.7,15.7,True,Series A,Edtech,US Northeast,100.0,67.0,Watch,Maintain planned spend,Prepare for outreach,Team capacity
ST001,2025-11-01,70755.93,1304048.9,69653.08,0.0861,4801.66,72934.81,22513.52,0.7093,9.18,-10,8,50,0.515,18.72,0.0265,44.4,100.0,28.2,70.6,11.1,57.1,True,Series A,Edtech,US Northeast,100.0,62.1,Watch,Maintain planned spend,Prepare for outreach,Customer sentiment
ST001,2025-12-01,74407.68,1237565.86,71595.34,0.064,5679.76,93830.72,46082.66,0.7472,9.81,-17,8,61,0.536,17.29,0.0516,54.8,95.3,46.7,67.6,3.3,41.4,True,Series A,Edtech,US Northeast,100.0,63.3,Watch,Maintain planned spend,Prepare for outreach,Customer sentiment
ST002,2025-01-01,41202.86,646669.03,83380.58,0.0528,6431.74,133276.9,20144.8,0.7276,23.17,10,9,57,0.574,7.76,0.0,33.3,31.7,56.0,4.0,33.3,47.1,True,Series A,Climate,US South,100.0,40.2,Critical,Hold spend and review runway,Delay and fix blockers,Growth efficiency
ST002,2025-02-01,43204.9,571032.27,80151.02,0.0821,6732.94,125731.78,25191.87,0.6717,25.05,1,9,47,0.592,7.12,0.0486,53.6,27.5,31.6,0.0,23.3,61.4,True,Series A,Climate,US South,100.0,38.5,Critical,Hold spend and review runway,Delay and fix blockers,Growth efficiency
ST002,2025-03-01,45631.15,487062.88,90977.71,0.0118,5613.21,110869.59,30749.91,0.655,20.28,30,9,48,0.6,5.35,0.0562,56.8,15.7,90.2,17.7,55.6,60.0,True,Series A,Climate,US South,100.0,51.3,Watch,Reduce burn immediately,Delay and fix blockers,Runway
ST002,2025-04-01,45203.17,409974.28,82016.04,0.0792,4993.34,94282.59,2712.19,0.6523,18.29,34,10,40,0.595,5.0,-0.0094,29.4,13.3,34.0,27.2,60.0,71.4,True,Series A,Climate,US South,100.0,39.4,Critical,Reduce burn immediately,Delay and fix blockers,Runway
ST002,2025-05-01,47815.19,309003.05,104256.29,0.0556,5936.79,45187.48,33155.4,0.7099,20.99,2,10,51,0.58,2.96,0.0578,57.4,0.0,53.7,14.3,24.4,55.7,True,Series A,Climate,US South,100.0,37.8,Critical,Reduce burn immediately,Delay and fix blockers,Runway
ST002,2025-06-01,48990.35,220763.8,94453.61,0.0607,5777.41,78439.57,14448.47,0.7681,18.42,12,10,45,0.557,2.34,0.0246,43.6,0.0,49.4,26.6,35.6,64.3,True,Series A,Climate,US South,100.0,38.2,Critical,Reduce burn immediately,Delay and fix blockers,Runway
ST002,2025-07-01,51777.19,137122.77,90074.87,0.0497,5265.99,100942.71,35344.5,0.651,18.75,15,10,59,0.532,1.52,0.0569,57.0,0.0,58.6,25.0,38.9,44.3,True,Series A,Climate,US South,100.0,40.6,Critical,Reduce burn immediately,Delay and fix blockers,Runway
ST002,2025-08-01,48863.49,52253.94,93534.49,0.0425,5825.72,106278.19,2931.81,0.7442,19.22,8,11,50,0.512,0.56,-0.0563,9.9,0.0,64.6,22.8,31.1,57.1,True,Series A,Climate,US South,100.0,33.0,Critical,Reduce burn immediately,Delay and fix blockers,Runway
ST002,2025-09-01,51217.7,0.0,106857.05,0.047,5840.72,76653.09,29611.61,0.7102,21.19,15,11,74,0.501,0.0,0.0482,53.4,0.0,60.8,13.4,38.9,22.9,True,Series A,Climate,US South,100.0,36.9,Critical,Reduce burn immediately,Delay and fix blockers,Runway
ST002,2025-10-01,48934.21,0.0,103154.56,0.0332,5494.22,113059.63,2936.05,0.844,17.56,24,11,67,0.502,0.0,-0.0446,14.8,0.0,72.3,30.7,48.9,32.9,True,Series A,Climate,US South,100.0,36.1,Critical,Reduce burn immediately,Delay and fix blockers,Runway
ST002,2025-11-01,52056.12,0.0,107688.38,0.0391,5718.02,100026.42,39853.01,0.6842,21.19,3,11,63,0.515,0.0,0.0638,59.9,0.0,67.4,13.4,25.6,38.6,True,Series A,Climate,US South,100.0,39.1,Critical,Reduce burn immediately,Delay and fix blockers,Runway
ST002,2025-12-01,53563.28,0.0,107013.35,0.0563,4822.05,102714.32,18609.54,0.7346,16.18,8,11,72,0.536,0.0,0.029,45.4,0.0,53.1,37.2,31.1,25.7,True,Series A,Climate,US South,100.0,37.0,Critical,Reduce burn immediately,Delay and fix blockers,Runway
ST003,2025-01-01,70845.24,678231.7,71274.79,0.0479,2362.77,31582.16,59465.3,0.7731,4.14,18,8,42,0.574,9.52,0.0,33.3,43.5,60.1,94.6,42.2,68.6,False,Seed,Edtech,US Northeast,45.0,53.5,Watch,Hold spend and review runway,Delay and fix blockers,Revenue growth
ST003,2025-02-01,76874.65,629530.92,59119.0,0.0552,2013.63,21489.13,78510.61,0.8051,3.12,36,8,52,0.592,10.65,0.0851,68.8,51.0,54.0,99.4,62.2,54.3,False,Seed,Edtech,US Northeast,45.0,62.2,Watch,Hold spend and review runway,Prepare for outreach,Governance
ST003,2025-03-01,82055.68,575012.85,60302.14,0.0492,2879.55,33162.17,66362.47,0.6553,5.14,46,8,41,0.6,9.54,0.0674,61.4,43.6,59.0,89.8,73.3,70.0,False,Seed,Edtech,US Northeast,45.0,61.0,Watch,Hold spend and review runway,Prepare for outreach,Runway
ST003,2025-04-01,82659.04,518527.0,64663.04,0.0664,2799.63,19637.02,7293.65,0.8073,4.03,51,7,47,0.595,8.02,0.0074,36.4,33.5,44.7,95.1,78.9,61.4,False,Seed,Edtech,US Northeast,45.0,52.4,Watch,Hold spend and review runway,Delay and fix blockers,Runway
ST003,2025-05-01,94310.74,469259.08,59553.57,0.0157,1636.24,20484.67,159529.5,0.6119,2.38,40,7,56,0.58,7.88,0.141,92.1,32.5,86.9,100.0,66.7,48.6,False,Seed,Edtech,US Northeast,45.0,67.3,Watch,Hold spend and review runway,Prepare for outreach,Runway
ST003,2025-06-01,100738.2,445984.84,39825.13,0.0363,2571.56,56535.18,82386.09,0.7962,2.69,29,7,51,0.557,11.2,0.0682,61.8,54.7,69.8,100.0,54.4,55.7,False,Seed,Edtech,US Northeast,45.0,63.8,Watch,Hold spend and review runway,Prepare for outreach,Governance
ST003,2025-07-01,110309.76,394039.33,60914.53,0.0394,2420.87,49581.57,125771.94,0.8056,2.29,39,7,46,0.532,6.47,0.095,72.9,23.1,67.2,100.0,65.6,62.9,False,Seed,Edtech,US Northeast,45.0,59.5,Watch,Hold spend and review runway,Delay and fix blockers,Runway
ST003,2025-08-01,115487.93,357797.32,54049.4,0.0222,1024.16,19066.13,65054.92,0.6857,1.09,31,6,51,0.512,6.62,0.0469,52.9,24.1,81.5,100.0,56.7,55.7,False,Seed,Edtech,US Northeast,45.0,57.0,Watch,Hold spend and review runway,Delay and fix blockers,Runway
ST003,2025-09-01,128587.02,309849.15,57750.58,0.0614,2355.57,17993.29,175018.02,0.673,1.96,23,6,38,0.501,5.37,0.1134,80.6,15.8,48.8,100.0,47.8,74.3,False,Seed,Edtech,US Northeast,45.0,55.3,Watch,Reduce burn immediately,Delay and fix blockers,Runway
ST003,2025-10-01,132935.31,289619.3,37445.07,0.051,1732.85,34709.78,53944.05,0.778,1.21,18,6,60,0.502,7.73,0.0338,47.4,31.5,57.5,100.0,42.2,42.9,False,Seed,Edtech,US Northeast,45.0,51.4,Watch,Hold spend and review runway,Delay and fix blockers,Runway
ST003,2025-11-01,135607.56,273590.31,30893.32,0.0522,2204.31,16460.08,32711.56,0.7663,1.53,43,6,45,0.515,8.86,0.0201,41.7,39.1,56.5,100.0,70.0,64.3,False,Seed,Edtech,US Northeast,45.0,56.6,Watch,Hold spend and review runway,Delay and fix blockers,Runway
ST003,2025-12-01,131802.37,251034.47,45262.4,0.054,2241.52,29276.22,7908.14,0.7679,1.59,48,6,50,0.536,5.55,-0.0281,21.6,17.0,55.0,100.0,75.6,57.1,False,Seed,Edtech,US Northeast,45.0,47.4,Critical,Reduce burn immediately,Delay and fix blockers,Runway
ST004,2025-01-01,50003.96,2188793.5,45225.26,0.065,3650.74,32254.62,3000.24,0.895,4.89,25,5,62,0.574,48.4,0.0,33.3,100.0,45.8,91.0,50.0,40.0,False,Seed,Climate,US Northeast,45.0,62.8,Watch,Maintain planned spend,Prepare for outreach,Revenue growth
ST004,2025-02-01,50263.19,2143616.62,49756.25,0.0656,4401.62,68851.05,3126.84,0.6486,8.1,54,5,60,0.592,43.08,0.0052,35.5,100.0,45.3,75.7,82.2,42.9,False,Seed,Climate,US Northeast,45.0,64.4,Watch,Maintain planned spend,Prepare for outreach,Revenue growth
ST004,2025-03-01,55607.18,2101925.66,48112.05,0.0631,3389.78,65204.2,70946.0,0.7744,4.72,41,5,71,0.6,43.69,0.1063,77.6,100.0,47.4,91.8,67.8,27.1,False,Seed,Climate,US Northeast,45.0,71.9,Stable,Maintain planned spend,Prepare for outreach,Team capacity
ST004,2025-04-01,58259.79,2055311.07,50837.8,0.0826,2809.98,53563.63,33349.74,0.7132,4.06,22,7,74,0.595,40.43,0.0477,53.2,100.0,31.2,95.0,46.7,22.9,False,Seed,Climate,US Northeast,45.0,62.9,Watch,Maintain planned spend,Prepare for outreach,Team capacity
ST004,2025-05-01,57567.78,2010398.15,54964.02,0.1079,4052.69,67640.57,3454.07,0.6952,8.51,20,7,54,0.58,36.58,-0.0119,28.4,100.0,10.1,73.8,44.4,51.4,False,Seed,Climate,US Northeast,45.0,54.1,Watch,Hold spend and review runway,Delay and fix blockers,Retention
ST004,2025-06-01,59490.23,1954198.27,63235.28,0.0794,3429.15,74807.7,23839.88,0.8118,5.96,26,7,47,0.557,30.9,0.0334,47.2,100.0,33.8,85.9,51.1,61.4,False,Seed,Climate,US Northeast,45.0,64.5,Watch,Maintain planned spend,Prepare for outreach,Retention
ST004,2025-07-01,65536.91,1901300.73,59519.02,0.0877,3873.82,50276.56,79935.28,0.7607,6.53,33,7,46,0.532,31.94,0.1016,75.7,100.0,26.9,83.2,58.9,62.9,False,Seed,Climate,US Northeast,45.0,69.0,Watch,Maintain planned spend,Prepare for outreach,Retention
ST004,2025-08-01,65779.56,1842394.78,64692.43,0.0627,4427.8,28470.56,3946.77,0.5485,10.31,20,6,47,0.512,28.48,0.0037,34.9,100.0,47.7,65.2,44.4,61.4,False,Seed,Climate,US Northeast,45.0,60.9,Watch,Maintain planned spend,Prepare for outreach,Revenue growth
ST004,2025-09-01,68549.21,1801356.58,51264.19,0.0719,3239.06,34832.02,34635.2,0.7965,4.27,37,6,64,0.501,35.14,0.0421,50.9,100.0,40.1,94.0,63.3,37.1,False,Seed,Climate,US Northeast,45.0,66.5,Watch,Maintain planned spend,Prepare for outreach,Team capacity
ST004,2025-10-01,71618.59,1751106.19,62299.63,0.0575,3226.26,43489.56,38481.87,0.6404,5.06,30,6,46,0.502,28.11,0.0448,52.0,100.0,52.1,90.2,55.6,62.9,False,Seed,Climate,US Northeast,45.0,69.4,Watch,Maintain planned spend,Prepare for outreach,Governance
ST004,2025-11-01,73370.1,1703317.74,53150.03,0.0833,4203.93,87302.23,21532.06,0.7272,5.67,38,6,59,0.515,32.05,0.0245,43.5,100.0,30.6,87.3,64.4,44.3,False,Seed,Climate,US Northeast,45.0,63.4,Watch,Maintain planned spend,Prepare for outreach,Retention
ST004,2025-12-01,69590.54,1657511.1,55646.36,0.0764,3002.35,39383.59,4175.43,0.8469,3.67,29,6,62,0.536,29.79,-0.0515,11.9,100.0,36.3,96.8,54.4,40.0,False,Seed,Climate,US Northeast,45.0,58.6,Watch,Hold spend and review runway,Delay and fix blockers,Revenue growth
ST005,2025-01-01,16544.44,653358.97,103570.24,0.0006,5403.92,95918.04,992.67,0.8857,57.53,76,13,29,0.574,6.31,0.0,33.3,22.1,99.5,0.0,100.0,87.1,True,Series A,Fintech,US South,100.0,54.2,Watch,Hold spend and review runway,Delay and fix blockers,Growth efficiency
ST005,2025-02-01,16268.01,548088.9,108167.73,0.0229,4295.22,79429.76,976.08,0.7812,52.72,90,13,41,0.592,5.07,-0.0167,26.4,13.8,80.9,0.0,100.0,70.0,True,Series A,Fintech,US South,100.0,46.6,Critical,Reduce burn immediately,Delay and fix blockers,Growth efficiency
ST005,2025-03-01,16571.52,432186.65,116810.48,0.0,5569.37,91784.27,3710.03,0.6573,60.0,69,13,54,0.6,3.7,0.0187,41.1,4.7,100.0,0.0,98.9,51.4,True,Series A,Fintech,US South,100.0,48.5,Critical,Reduce burn immediately,Delay and fix blockers,Growth efficiency
ST005,2025-04-01,16726.59,334120.71,99008.73,0.0087,6070.35,30816.13,1878.24,0.7047,60.0,82,14,42,0.595,3.37,0.0094,37.3,2.5,92.8,0.0,100.0,68.6,True,Series A,Fintech,US South,100.0,47.6,Critical,Reduce burn immediately,Delay and fix blockers,Growth efficiency
ST005,2025-05-01,17136.9,222604.21,112902.8,0.0,6154.46,62049.56,5044.55,0.9,60.0,65,14,45,0.58,1.97,0.0245,43.5,0.0,100.0,0.0,94.4,64.3,True,Series A,Fintech,US South,100.0,48.4,Critical,Reduce burn immediately,Delay and fix blockers,Runway
ST005,2025-06-01,17794.25,107553.57,116136.54,0.0244,4440.78,97602.19,8190.67,0.7959,52.68,83,14,45,0.557,0.93,0.0384,49.3,0.0,79.7,0.0,100.0,64.3,True,Series A,Fintech,US South,100.0,46.8,Critical,Reduce burn immediately,Delay and fix blockers,Runway
ST005,2025-07-01,18622.4,0.0,122187.13,0.0,5346.86,71902.39,10400.31,0.7088,60.0,80,14,68,0.532,0.0,0.0465,52.7,0.0,100.0,0.0,100.0,31.4,True,Series A,Fintech,US South,100.0,48.0,Critical,Reduce burn immediately,Delay and fix blockers,Runway
ST005,2025-08-01,18507.77,0.0,124309.66,0.0214,5918.33,126099.32,1110.47,0.7141,60.0,80,13,37,0.512,0.0,-0.0062,30.8,0.0,82.2,0.0,100.0,75.7,True,Series A,Fintech,US South,100.0,44.8,Critical,Reduce burn immediately,Delay and fix blockers,Runway
ST005,2025-09-01,19170.94,0.0,111013.94,0.0239,4961.2,74629.7,8243.14,0.5348,60.0,83,13,40,0.501,0.0,0.0358,48.2,0.0,80.1,0.0,100.0,71.4,True,Series A,Fintech,US South,100.0,47.2,Critical,Reduce burn immediately,Delay and fix blockers,Runway
ST005,2025-10-01,18830.17,0.0,120221.33,0.0251,5480.05,100422.01,1129.81,0.771,58.88,86,13,56,0.502,0.0,-0.0178,25.9,0.0,79.1,0.0,100.0,48.6,True,Series A,Fintech,US South,100.0,41.2,Critical,Reduce burn immediately,Delay and fix blockers,Runway
ST005,2025-11-01,21153.16,0.0,104851.78,0.0057,4988.69,33584.87,31314.81,0.8033,45.8,80,13,43,0.515,0.0,0.1234,84.8,0.0,95.2,0.0,100.0,67.1,True,Series A,Fintech,US South,100.0,55.9,Watch,Reduce burn immediately,Delay and fix blockers,Runway
ST005,2025-12-01,22667.4,0.0,109843.34,0.0024,4827.12,29513.09,19471.68,0.5544,59.93,75,13,46,0.536,0.0,0.0716,63.2,0.0,98.0,0.0,100.0,62.9,True,Series A,Fintech,US South,100.0,52.1,Watch,Reduce burn immediately,Delay and fix blockers,Runway
ST006,2025-01-01,115588.54,1254331.54,84357.36,0.0493,6092.21,30588.75,6935.31,0.6572,9.62,20,10,37,0.574,14.87,0.0,33.3,79.1,58.9,68.5,44.4,75.7,True,Series A,Marketplace,US South,100.0,64.5,Watch,Maintain planned spend,Prepare for outreach,Revenue growth
ST006,2025-02-01,110904.48,1191832.01,80172.88,0.0499,6331.2,83303.95,6654.27,0.5575,12.29,13,10,69,0.592,14.87,-0.0405,16.5,79.1,58.4,55.8,36.7,30.0,True,Series A,Marketplace,US South,100.0,55.2,Watch,Hold spend and review runway,Delay and fix blockers,Revenue growth
ST006,2025-03-01,117661.88,1113274.43,91488.63,0.053,5744.85,42221.69,86029.66,0.7839,7.47,26,10,54,0.6,12.17,0.0609,58.7,61.1,55.8,78.7,51.1,51.4,True,Series A,Marketplace,US South,100.0,64.4,Watch,Maintain planned spend,Prepare for outreach,Customer sentiment
ST006,2025-04-01,128041.42,1040471.32,89527.8,0.0599,6364.79,123734.13,135541.96,0.6584,9.06,25,11,63,0.595,11.62,0.0882,70.1,57.5,50.1,71.1,50.0,38.6,True,Series A,Marketplace,US South,100.0,62.5,Watch,Hold spend and review runway,Prepare for outreach,Team capacity
ST006,2025-05-01,137514.44,981430.53,70461.95,0.0411,5149.51,111945.35,122086.55,0.9,5.49,33,11,41,0.58,13.93,0.074,64.2,72.9,65.8,88.1,58.9,70.0,True,Series A,Marketplace,US South,100.0,73.4,Stable,Maintain planned spend,Prepare for outreach,Customer sentiment
ST006,2025-06-01,150281.8,911984.36,81187.12,0.0542,6109.05,33643.72,167432.76,0.791,6.78,10,11,52,0.557,11.23,0.0928,72.0,54.9,54.8,82.0,33.3,54.3,True,Series A,Marketplace,US South,100.0,64.1,Watch,Hold spend and review runway,Prepare for outreach,Customer sentiment
ST006,2025-07-01,152607.74,871825.34,62442.11,0.0689,5836.16,41684.48,28343.2,0.8481,5.95,24,11,38,0.532,13.96,0.0155,39.8,73.1,42.6,86.0,48.9,74.3,True,Series A,Marketplace,US South,100.0,64.4,Watch,Maintain planned spend,Prepare for outreach,Revenue growth
ST006,2025-08-01,163000.67,815254.56,64805.73,0.0447,6679.45,47807.98,133208.51,0.8115,6.67,26,13,52,0.512,12.58,0.0681,61.7,63.9,62.8,82.5,51.1,54.3,True,Series A,Marketplace,US South,100.0,67.5,Watch,Maintain planned spend,Prepare for outreach,Customer sentiment
ST006,2025-09-01,168741.13,744323.82,80476.01,0.0288,5969.22,114705.47,71311.57,0.7713,7.15,22,13,63,0.501,9.25,0.0352,48.0,41.7,76.0,80.2,46.7,38.6,True,Series A,Marketplace,US South,100.0,59.8,Watch,Hold spend and review runway,Delay and fix blockers,Team capacity
ST006,2025-10-01,186395.68,669335.58,99107.87,0.0278,5877.83,101910.26,234019.81,0.7703,6.39,34,13,49,0.502,6.75,0.1046,76.9,25.0,76.8,83.9,60.0,58.6,True,Series A,Marketplace,US South,100.0,64.6,Watch,Hold spend and review runway,Prepare for outreach,Runway
ST006,2025-11-01,182258.88,598748.88,79995.1,0.0418,5830.63,38477.64,10935.53,0.6997,7.13,24,13,46,0.515,7.48,-0.0222,24.1,29.9,65.2,80.3,48.9,62.9,True,Series A,Marketplace,US South,100.0,53.1,Watch,Hold spend and review runway,Delay and fix blockers,Revenue growth
ST006,2025-12-01,193094.8,540902.5,71980.43,0.0679,5057.65,88354.19,137761.83,0.5707,7.16,24,13,52,0.536,7.51,0.0595,58.1,30.1,43.4,80.2,48.9,54.3,True,Series A,Marketplace,US South,100.0,55.1,Watch,Hold spend and review runway,Delay and fix blockers,Runway
ST007,2025-01-01,33224.25,1790115.55,33376.3,0.0889,5265.64,113984.36,5379.8,0.7131,8.0,12,3,76,0.574,53.63,0.0,33.3,100.0,25.9,76.2,35.6,20.0,False,Pre-seed,Edtech,US Midwest,45.0,54.5,Watch,Maintain planned spend,Delay and fix blockers,Team capacity
ST007,2025-02-01,34190.13,1756942.44,37588.3,0.0795,3870.58,80900.9,11927.54,0.8175,4.99,8,3,66,0.592,46.74,0.0291,45.5,100.0,33.8,90.5,31.1,34.3,False,Pre-seed,Edtech,US Midwest,45.0,60.6,Watch,Maintain planned spend,Prepare for outreach,Customer sentiment
ST007,2025-03-01,35415.26,1720727.85,38735.21,0.0727,3196.25,29217.34,15228.3,0.7933,4.1,1,3,55,0.6,44.42,0.0358,48.2,100.0,39.4,94.8,23.3,50.0,False,Pre-seed,Edtech,US Midwest,45.0,63.1,Watch,Maintain planned spend,Prepare for outreach,Customer sentiment
ST007,2025-04-01,36789.09,1687473.39,35982.35,0.0601,3938.65,22717.89,17125.46,0.7363,5.23,5,3,64,0.595,46.9,0.0388,49.5,100.0,49.9,89.4,27.8,37.1,False,Pre-seed,Edtech,US Midwest,45.0,63.7,Watch,Maintain planned spend,Prepare for outreach,Customer sentiment
ST007,2025-05-01,34223.64,1657384.74,33111.31,0.0701,4241.19,92193.51,2053.42,0.758,5.89,0,3,41,0.58,50.05,-0.0697,4.3,100.0,41.6,86.2,22.2,70.0,False,Pre-seed,Edtech,US Midwest,45.0,55.8,Watch,Hold spend and review runway,Delay and fix blockers,Revenue growth
ST007,2025-06-01,33348.2,1623577.85,37871.26,0.0319,3313.63,47120.48,2000.89,0.6734,5.31,7,3,56,0.557,42.87,-0.0256,22.7,100.0,73.4,89.0,30.0,48.6,False,Pre-seed,Edtech,US Midwest,45.0,63.7,Watch,Hold spend and review runway,Prepare for outreach,Revenue growth
ST007,2025-07-01,33937.03,1590536.41,37981.54,0.0744,3399.97,60928.4,7190.7,0.7712,4.68,11,3,74,0.532,41.88,0.0177,40.7,100.0,38.0,92.0,34.4,22.9,False,Pre-seed,Edtech,US Midwest,45.0,60.1,Watch,Maintain planned spend,Prepare for outreach,Team capacity
ST007,2025-08-01,33963.56,1554059.52,38618.35,0.0692,3647.64,43883.53,2037.81,0.6799,5.69,16,5,47,0.512,40.24,0.0008,33.7,100.0,42.3,87.2,40.0,61.4,False,Pre-seed,Edtech,US Midwest,45.0,62.5,Watch,Maintain planned spend,Prepare for outreach,Revenue growth
ST007,2025-09-01,37000.59,1508673.99,48867.72,0.0716,4986.71,38603.74,39703.25,0.5895,13.72,7,5,56,0.501,30.87,0.0894,70.6,100.0,40.3,49.0,30.0,48.6,False,Pre-seed,Edtech,US Midwest,45.0,61.4,Watch,Maintain planned spend,Prepare for outreach,Customer sentiment
ST007,2025-10-01,37136.5,1467210.76,45877.53,0.0742,4109.33,29325.35,2228.19,0.7461,8.9,15,5,69,0.502,31.98,0.0037,34.9,100.0,38.2,71.9,38.9,30.0,False,Pre-seed,Edtech,US Midwest,45.0,57.2,Watch,Maintain planned spend,Delay and fix blockers,Team capacity
ST007,2025-11-01,41800.09,1423830.39,46599.11,0.0606,4757.49,97939.63,62990.91,0.8093,8.44,22,5,61,0.515,30.55,0.1256,85.7,100.0,49.5,74.1,46.7,41.4,False,Pre-seed,Edtech,US Midwest,45.0,70.2,Stable,Maintain planned spend,Prepare for outreach,Team capacity
ST007,2025-12-01,46012.7,1381173.49,46077.53,0.0192,4456.16,57791.59,55645.85,0.45,12.91,18,5,61,0.536,29.97,0.1008,75.3,100.0,84.0,52.8,42.2,41.4,False,Pre-seed,Edtech,US Midwest,45.0,70.4,Stable,Maintain planned spend,Prepare for outreach,Team capacity
ST008,2025-01-01,26455.44,616854.38,121615.16,0.0285,5416.75,52950.0,23889.15,0.6308,54.53,40,14,60,0.574,5.07,0.0,33.3,13.8,76.2,0.0,66.7,42.9,True,Seed,Marketplace,US West,100.0,41.6,Critical,Reduce burn immediately,Delay and fix blockers,Growth efficiency
ST008,2025-02-01,27898.09,517063.02,102611.31,0.0404,4890.99,62793.93,18255.84,0.6567,44.85,42,14,32,0.592,5.04,0.0545,56.0,13.6,66.3,0.0,68.9,82.9,True,Seed,Marketplace,US West,100.0,47.5,Critical,Reduce burn immediately,Delay and fix blockers,Growth efficiency
ST008,2025-03-01,30045.05,407938.21,111319.32,0.0411,5648.75,71421.37,27746.26,0.7906,39.95,49,14,46,0.6,3.66,0.077,65.4,4.4,65.8,0.0,76.7,62.9,True,Seed,Marketplace,US West,100.0,46.1,Critical,Reduce burn immediately,Delay and fix blockers,Growth efficiency
ST008,2025-04-01,30827.55,298116.56,112831.15,0.0523,5381.23,92752.51,9634.55,0.7682,38.17,46,14,51,0.595,2.64,0.026,44.2,0.0,56.4,0.0,73.3,55.7,True,Seed,Marketplace,US West,100.0,38.8,Critical,Reduce burn immediately,Delay and fix blockers,Runway
ST008,2025-05-01,32353.12,203576.57,98008.46,0.0314,5624.95,90808.07,19212.75,0.7936,36.8,52,14,54,0.58,2.08,0.0495,54.0,0.0,73.8,0.0,80.0,51.4,True,Seed,Marketplace,US West,100.0,43.6,Critical,Reduce burn immediately,Delay and fix blockers,Runway
ST008,2025-06-01,31869.86,89672.95,119062.77,0.0189,4870.51,47134.8,1912.19,0.7442,34.5,41,14,56,0.557,0.75,-0.0149,27.1,0.0,84.2,0.0,67.8,48.6,True,Seed,Marketplace,US West,100.0,39.0,Critical,Reduce burn immediately,Delay and fix blockers,Runway
ST008,2025-07-01,34161.96,0.0,109323.71,0.0,5225.39,48788.54,29483.48,0.5656,45.43,46,14,61,0.532,0.0,0.0719,63.3,0.0,100.0,0.0,73.3,41.4,True,Seed,Marketplace,US West,100.0,48.0,Critical,Reduce burn immediately,Delay and fix blockers,Runway
ST008,2025-08-01,38218.61,0.0,104879.82,0.02,5420.07,68005.75,54460.41,0.8189,29.09,54,15,57,0.512,0.0,0.1187,82.8,0.0,83.3,0.0,82.2,47.1,True,Seed,Marketplace,US West,100.0,50.2,Watch,Reduce burn immediately,Delay and fix blockers,Runway
ST008,2025-09-01,38257.75,0.0,120264.49,0.0224,4945.52,102401.29,2295.47,0.697,33.38,36,15,54,0.501,0.0,0.001,33.8,0.0,81.3,0.0,62.2,51.4,True,Seed,Marketplace,US West,100.0,39.4,Critical,Reduce burn immediately,Delay and fix blockers,Runway
ST008,2025-10-01,37692.73,0.0,105675.78,0.0139,6227.94,61771.48,2261.56,0.752,39.55,45,15,54,0.502,0.0,-0.0148,27.2,0.0,88.4,0.0,72.2,51.4,True,Seed,Marketplace,US West,100.0,40.4,Critical,Reduce burn immediately,Delay and fix blockers,Runway
ST008,2025-11-01,39386.83,0.0,123782.02,0.022,5388.45,99997.07,21242.89,0.6542,37.64,57,15,48,0.515,0.0,0.0449,52.0,0.0,81.7,0.0,85.6,60.0,True,Seed,Marketplace,US West,100.0,45.8,Critical,Reduce burn immediately,Delay and fix blockers,Runway
ST008,2025-12-01,41055.21,0.0,97133.06,0.0181,5551.57,86240.05,20868.67,0.8455,28.79,41,15,66,0.536,0.0,0.0424,51.0,0.0,84.9,0.0,67.8,34.3,True,Seed,Marketplace,US West,100.0,42.3,Critical,Reduce burn immediately,Delay and fix blockers,Runway
ST009,2025-01-01,38841.49,729247.48,56000.11,0.0431,2723.88,43842.74,2330.49,0.8036,8.38,27,8,65,0.574,13.02,0.0,33.3,66.8,64.1,74.4,52.2,35.7,False,Pre-seed,Marketplace,US Northeast,45.0,55.3,Watch,Maintain planned spend,Delay and fix blockers,Revenue growth
ST009,2025-02-01,44079.44,670503.28,62772.28,0.0608,3061.46,50295.18,71331.59,0.7879,8.46,29,8,59,0.592,10.68,0.1349,89.5,51.2,49.3,74.0,54.4,44.3,False,Pre-seed,Marketplace,US Northeast,45.0,60.1,Watch,Hold spend and review runway,Prepare for outreach,Team capacity
ST009,2025-03-01,42904.69,615702.81,58739.17,0.0742,2576.28,51993.35,2574.28,0.6478,8.9,34,8,52,0.6,10.48,-0.0267,22.2,49.9,38.2,71.9,60.0,54.3,False,Pre-seed,Marketplace,US Northeast,45.0,47.0,Critical,Hold spend and review runway,Delay and fix blockers,Revenue growth
ST009,2025-04-01,47638.0,558732.12,59770.73,0.0518,2726.17,49530.62,63065.93,0.68,8.08,35,10,48,0.595,9.35,0.1103,79.3,42.3,56.8,75.8,61.1,60.0,False,Pre-seed,Marketplace,US Northeast,45.0,59.5,Watch,Hold spend and review runway,Delay and fix blockers,Runway
ST009,2025-05-01,49672.35,497963.56,68567.42,0.0445,2343.49,27433.29,25454.81,0.8505,6.66,45,10,52,0.58,7.26,0.0427,51.1,28.4,62.9,82.6,72.2,54.3,False,Pre-seed,Marketplace,US Northeast,45.0,53.7,Watch,Hold spend and review runway,Delay and fix blockers,Runway
ST009,2025-06-01,52175.67,433910.62,69813.57,0.0133,1614.11,28691.27,31553.7,0.6965,5.33,41,10,56,0.557,6.22,0.0504,54.3,21.5,88.9,88.9,67.8,48.6,False,Pre-seed,Marketplace,US Northeast,45.0,56.8,Watch,Hold spend and review runway,Delay and fix blockers,Runway
ST009,2025-07-01,53608.7,362273.95,77094.36,0.0637,2858.66,36100.31,17668.69,0.6951,9.21,35,10,50,0.532,4.7,0.0275,44.8,11.3,46.9,70.4,61.1,57.1,False,Pre-seed,Marketplace,US Northeast,45.0,43.3,Critical,Reduce burn immediately,Delay and fix blockers,Runway
ST009,2025-08-01,60567.73,312269.78,54771.08,0.0387,2563.67,37504.33,94348.65,0.6194,8.2,31,13,80,0.512,5.7,0.1298,87.4,18.0,67.8,75.2,56.7,14.3,False,Pre-seed,Marketplace,US Northeast,45.0,52.7,Watch,Reduce burn immediately,Delay and fix blockers,Team capacity
ST009,2025-09-01,69532.05,235075.69,86108.28,0.0146,2636.67,47155.48,123492.97,0.6602,8.96,25,13,41,0.501,2.73,0.148,95.0,0.0,87.8,71.6,50.0,70.0,False,Pre-seed,Marketplace,US Northeast,45.0,56.3,Watch,Reduce burn immediately,Delay and fix blockers,Runway
ST009,2025-10-01,73500.49,153343.24,88414.92,0.0606,2261.09,11346.48,50339.2,0.7906,6.07,24,13,46,0.502,1.73,0.0571,57.1,0.0,49.5,85.4,48.9,62.9,False,Pre-seed,Marketplace,US Northeast,45.0,44.6,Critical,Reduce burn immediately,Delay and fix blockers,Runway
ST009,2025-11-01,78562.03,76080.06,85990.98,0.0623,2563.3,22193.09,64921.2,0.8,6.36,51,13,35,0.515,0.88,0.0689,62.0,0.0,48.1,84.0,78.9,78.6,False,Pre-seed,Marketplace,US Northeast,45.0,49.3,Critical,Reduce burn immediately,Delay and fix blockers,Runway
ST009,2025-12-01,78373.46,0.0,103372.63,0.0434,2940.83,57713.18,4702.41,0.7318,8.0,28,13,42,0.536,0.0,-0.0024,32.3,0.0,63.8,76.2,53.3,68.6,False,Pre-seed,Marketplace,US Northeast,45.0,42.0,Critical,Reduce burn immediately,Delay and fix blockers,Runway
ST010,2025-01-01,38498.35,6279876.9,77399.69,0.0491,3903.98,69579.22,2309.9,0.846,15.82,36,11,61,0.574,81.14,0.0,33.3,100.0,59.1,39.0,62.2,41.4,True,Series A,Fintech,US South,100.0,64.4,Watch,Maintain planned spend,Prepare for outreach,Revenue growth
ST010,2025-02-01,41352.41,6193736.64,89949.3,0.0701,4873.68,38481.6,36787.75,0.7853,19.81,20,11,42,0.592,68.86,0.0741,64.2,100.0,41.6,20.0,44.4,68.6,True,Series A,Fintech,US South,100.0,64.9,Watch,Maintain planned spend,Prepare for outreach,Growth efficiency
ST010,2025-03-01,42831.66,6097783.0,98808.24,0.0893,4907.94,96806.4,18385.93,0.8642,17.5,19,11,77,0.6,61.71,0.0358,48.2,100.0,25.6,31.0,43.3,18.6,True,Series A,Fintech,US South,100.0,56.9,Watch,Maintain planned spend,Delay and fix blockers,Team capacity
ST010,2025-04-01,42911.34,6000710.66,104387.87,0.0553,4472.32,56654.43,2574.68,0.6152,22.36,39,11,47,0.595,57.48,0.0019,34.1,100.0,53.9,7.8,65.6,61.4,True,Series A,Fintech,US South,100.0,61.3,Watch,Maintain planned spend,Prepare for outreach,Growth efficiency
ST010,2025-05-01,42538.75,5912679.08,92252.15,0.109,4297.7,49916.31,2552.33,0.8199,16.26,32,11,51,0.58,64.09,-0.0087,29.7,100.0,9.2,36.9,57.8,55.7,True,Series A,Fintech,US South,100.0,56.2,Watch,Hold spend and review runway,Delay and fix blockers,Retention
ST010,2025-06-01,43760.39,5826960.23,93183.31,0.0908,4883.64,102916.98,15080.61,0.863,17.07,24,11,61,0.557,62.53,0.0287,45.3,100.0,24.3,33.0,48.9,41.4,True,Series A,Fintech,US South,100.0,58.9,Watch,Maintain planned spend,Delay and fix blockers,Retention
ST010,2025-07-01,43646.43,5734020.74,98982.53,0.0881,4431.02,86344.87,2618.79,0.8355,16.04,10,11,66,0.532,57.93,-0.0026,32.2,100.0,26.6,37.9,33.3,34.3,True,Series A,Fintech,US South,100.0,55.4,Watch,Hold spend and review runway,Delay and fix blockers,Retention
ST010,2025-08-01,45183.64,5642745.86,98695.8,0.1108,4999.24,38644.15,19096.22,0.7536,19.38,24,13,30,0.512,57.17,0.0352,48.0,100.0,7.7,22.0,48.9,85.7,True,Series A,Fintech,US South,100.0,58.7,Watch,Maintain planned spend,Delay and fix blockers,Retention
ST010,2025-09-01,47269.95,5538870.17,111497.19,0.0628,4012.24,45602.66,26191.77,0.7443,17.79,7,13,63,0.501,49.68,0.0462,52.6,100.0,47.7,29.6,30.0,38.6,True,Series A,Fintech,US South,100.0,61.3,Watch,Maintain planned spend,Prepare for outreach,Growth efficiency
ST010,2025-10-01,50742.21,5445547.28,99865.46,0.0973,3015.54,21147.3,44727.78,0.7122,13.02,35,13,48,0.502,54.53,0.0735,64.0,100.0,18.9,52.3,61.1,60.0,True,Series A,Fintech,US South,100.0,66.8,Watch,Maintain planned spend,Prepare for outreach,Retention
ST010,2025-11-01,53486.42,5340308.27,108080.0,0.0854,3729.9,29009.9,34711.41,0.8352,13.02,23,13,56,0.515,49.41,0.0541,55.9,100.0,28.8,52.3,47.8,48.6,True,Series A,Fintech,US South,100.0,64.7,Watch,Maintain planned spend,Prepare for outreach,Retention
ST010,2025-12-01,50581.85,5237748.88,108522.62,0.0614,4483.84,48651.42,3034.91,0.7994,17.3,16,13,67,0.536,48.26,-0.0543,10.7,100.0,48.8,31.9,40.0,32.9,True,Series A,Fintech,US South,100.0,54.8,Watch,Hold spend and review runway,Delay and fix blockers,Revenue growth
ST011,2025-01-01,75236.7,1882793.48,115067.74,0.0555,4848.06,27569.89,27251.24,0.9,14.61,75,17,64,0.574,16.36,0.0,33.3,89.1,53.8,44.7,100.0,37.1,True,Series A,Climate,US Northeast,100.0,65.2,Watch,Maintain planned spend,Prepare for outreach,Revenue growth
ST011,2025-02-01,77927.18,1778961.07,116212.84,0.0684,6472.51,91218.75,33440.26,0.7773,21.8,77,17,48,0.592,15.31,0.0358,48.2,82.1,43.0,10.5,100.0,60.0,True,Series A,Climate,US Northeast,100.0,61.5,Watch,Maintain planned spend,Prepare for outreach,Growth efficiency
ST011,2025-03-01,80086.94,1669084.8,123966.59,0.0765,5213.55,111540.54,26635.51,0.7702,17.24,90,17,68,0.6,13.46,0.0277,44.9,69.7,36.2,32.2,100.0,31.4,True,Series A,Climate,US Northeast,100.0,57.6,Watch,Maintain planned spend,Delay and fix blockers,Team capacity
ST011,2025-04-01,87656.01,1585656.47,97407.72,0.0361,5407.77,77203.91,99413.09,0.7692,16.36,84,17,57,0.595,16.28,0.0945,72.7,88.5,69.9,36.4,100.0,47.1,True,Series A,Climate,US Northeast,100.0,74.4,Stable,Maintain planned spend,Prepare for outreach,Growth efficiency
ST011,2025-05-01,97238.13,1510544.05,84858.06,0.0332,5469.18,34545.61,127555.04,0.8399,13.66,86,17,42,0.58,17.8,0.1093,78.9,98.7,72.3,49.2,100.0,68.6,True,Series A,Climate,US Northeast,100.0,81.8,Stable,Maintain planned spend,Ready for outreach,Growth efficiency
ST011,2025-06-01,97739.68,1371673.58,145758.97,0.0366,6435.9,88608.55,6049.68,0.7882,17.04,85,17,36,0.557,9.41,0.0052,35.5,42.7,69.5,33.1,100.0,77.1,True,Series A,Climate,US Northeast,100.0,58.6,Watch,Hold spend and review runway,Delay and fix blockers,Growth efficiency
ST011,2025-07-01,108237.15,1258268.6,119707.92,0.0508,5787.45,81792.4,139499.08,0.7605,14.34,83,17,59,0.532,10.51,0.1074,78.1,50.1,57.7,46.0,100.0,44.3,True,Series A,Climate,US Northeast,100.0,65.3,Watch,Hold spend and review runway,Prepare for outreach,Team capacity
ST011,2025-08-01,110350.64,1136513.95,140883.89,0.0845,4931.69,61366.57,25857.1,0.9,10.13,88,20,53,0.512,8.07,0.0195,41.5,33.8,29.6,66.0,100.0,52.9,True,Series A,Climate,US Northeast,100.0,53.8,Watch,Hold spend and review runway,Delay and fix blockers,Retention
ST011,2025-09-01,113741.24,1010812.27,136131.24,0.0661,4896.34,43513.62,41937.36,0.806,12.82,86,20,61,0.501,7.43,0.0307,46.1,29.5,44.9,53.2,100.0,41.4,True,Series A,Climate,US Northeast,100.0,53.3,Watch,Hold spend and review runway,Delay and fix blockers,Runway
ST011,2025-10-01,116898.94,898035.89,126184.01,0.0671,5351.98,117271.87,38944.32,0.7048,15.59,71,20,66,0.502,7.12,0.0278,44.9,27.5,44.1,40.0,100.0,34.3,True,Series A,Climate,US Northeast,100.0,50.1,Watch,Hold spend and review runway,Delay and fix blockers,Runway
ST011,2025-11-01,117597.84,769851.55,137549.33,0.0625,5560.65,72138.82,8437.01,0.9,12.61,78,20,45,0.515,5.6,0.006,35.8,17.3,47.9,54.2,100.0,64.3,True,Series A,Climate,US Northeast,100.0,51.0,Watch,Reduce burn immediately,Delay and fix blockers,Runway
ST011,2025-12-01,120469.37,649628.68,138489.46,0.0857,5343.56,84044.19,35299.7,0.9,11.83,90,20,57,0.536,4.69,0.0244,43.5,11.3,28.6,58.0,100.0,47.1,True,Series A,Climate,US Northeast,100.0,47.0,Critical,Reduce burn immediately,Delay and fix blockers,Runway
ST012,2025-01-01,57973.39,515325.14,40657.67,0.0643,4150.71,73482.53,3478.4,0.7389,5.81,39,5,49,0.574,12.67,0.0,33.3,64.5,46.4,86.6,65.6,58.6,False,Pre-seed,Fintech,US West,45.0,56.8,Watch,Maintain planned spend,Delay and fix blockers,Revenue growth
ST012,2025-02-01,67361.34,480640.87,39783.3,0.0601,3846.26,68960.73,130898.21,0.7492,4.57,52,5,42,0.592,12.08,0.1619,100.0,60.5,49.9,92.5,80.0,68.6,False,Pre-seed,Fintech,US West,45.0,71.4,Stable,Maintain planned spend,Prepare for outreach,Governance
ST012,2025-03-01,73751.82,447496.19,39453.85,0.0475,3525.96,59890.18,83960.85,0.6902,4.16,41,5,38,0.6,11.34,0.0949,72.9,55.6,60.4,94.5,67.8,74.3,False,Pre-seed,Fintech,US West,45.0,66.6,Watch,Hold spend and review runway,Prepare for outreach,Governance
ST012,2025-04-01,78499.91,423653.43,32342.05,0.0497,3193.66,25543.02,60645.25,0.846,2.89,41,7,57,0.595,13.1,0.0644,60.2,67.3,58.6,100.0,67.8,47.1,False,Pre-seed,Fintech,US West,45.0,65.4,Watch,Maintain planned spend,Prepare for outreach,Governance
ST012,2025-05-01,81985.55,365440.6,63707.15,0.0674,4026.02,36282.33,43684.96,0.5802,7.11,44,7,43,0.58,5.74,0.0444,51.8,18.3,43.8,80.4,71.1,67.1,False,Pre-seed,Fintech,US West,45.0,49.0,Critical,Reduce burn immediately,Delay and fix blockers,Runway
ST012,2025-06-01,91755.51,339534.84,42407.79,0.0142,3398.92,62725.99,131210.58,0.7249,4.29,53,7,65,0.557,8.01,0.1192,83.0,33.4,88.2,93.9,81.1,35.7,False,Pre-seed,Fintech,US West,45.0,65.7,Watch,Hold spend and review runway,Prepare for outreach,Runway
ST012,2025-07-01,95231.58,312470.32,36869.29,0.0642,4061.25,27808.1,43293.15,0.6468,5.54,34,7,60,0.532,8.48,0.0379,49.1,36.5,46.5,87.9,60.0,42.9,False,Pre-seed,Fintech,US West,45.0,51.3,Watch,Hold spend and review runway,Delay and fix blockers,Runway
ST012,2025-08-01,90912.96,288578.85,38954.55,0.0763,3646.77,55821.37,5454.78,0.7316,4.61,38,7,29,0.512,7.41,-0.0453,14.5,29.4,36.4,92.3,64.4,87.1,False,Pre-seed,Fintech,US West,45.0,46.3,Critical,Hold spend and review runway,Delay and fix blockers,Revenue growth
ST012,2025-09-01,91220.9,239893.88,55560.66,0.0504,3193.74,61256.18,5473.25,0.7108,4.14,36,7,42,0.501,4.32,0.0034,34.8,8.8,58.0,94.6,62.2,68.6,False,Pre-seed,Fintech,US West,45.0,47.1,Critical,Reduce burn immediately,Delay and fix blockers,Runway
ST012,2025-10-01,99429.85,202085.32,54585.07,0.059,3064.82,27581.45,107372.06,0.6483,3.99,38,7,37,0.502,3.7,0.09,70.8,4.7,50.8,95.3,64.4,75.7,False,Pre-seed,Fintech,US West,45.0,52.3,Watch,Reduce burn immediately,Delay and fix blockers,Runway
ST012,2025-11-01,105031.61,159761.41,51030.45,0.0553,3705.02,71125.78,71008.17,0.739,4.01,32,7,51,0.515,3.13,0.0563,56.8,0.9,53.9,95.2,57.8,55.7,False,Pre-seed,Fintech,US West,45.0,47.1,Critical,Reduce burn immediately,Delay and fix blockers,Runway
ST012,2025-12-01,115933.72,128318.0,40374.92,0.054,3825.05,44825.74,144404.83,0.6838,4.05,31,7,23,0.536,3.18,0.1038,76.6,1.2,55.0,95.0,56.7,95.7,False,Pre-seed,Fintech,US West,45.0,54.0,Watch,Reduce burn immediately,Delay and fix blockers,Runway
ST013,2025-01-01,77990.63,567930.2,61193.49,0.0263,3297.33,58783.92,4679.44,0.6546,5.43,39,7,70,0.574,9.28,0.0,33.3,41.9,78.1,88.4,65.6,28.6,False,Seed,Fintech,US West,45.0,54.3,Watch,Hold spend and review runway,Delay and fix blockers,Team capacity
ST013,2025-02-01,74682.37,516791.98,57682.33,0.0276,2314.33,22038.26,4480.94,0.7093,3.67,26,7,55,0.592,8.96,-0.0424,15.7,39.7,77.0,96.8,51.1,50.0,False,Seed,Fintech,US West,45.0,51.8,Watch,Hold spend and review runway,Delay and fix blockers,Revenue growth
ST013,2025-03-01,77671.25,466943.15,56001.14,0.0,2614.26,20268.4,37301.98,0.6792,4.16,31,7,64,0.6,8.34,0.04,50.0,35.6,100.0,94.5,56.7,37.1,False,Seed,Fintech,US West,45.0,59.9,Watch,Hold spend and review runway,Delay and fix blockers,Runway
ST013,2025-04-01,85469.54,426700.07,53942.95,0.0414,2641.09,26935.43,102974.88,0.8262,3.14,26,9,57,0.595,7.91,0.1004,75.2,32.7,65.5,99.3,51.1,47.1,False,Seed,Fintech,US West,45.0,59.1,Watch,Hold spend and review runway,Delay and fix blockers,Runway
ST013,2025-05-01,89868.4,364428.71,71919.53,0.0201,2318.98,43941.35,55503.15,0.6223,4.48,12,9,63,0.58,5.07,0.0515,54.8,13.8,83.2,93.0,35.6,38.6,False,Seed,Fintech,US West,45.0,50.7,Watch,Reduce burn immediately,Delay and fix blockers,Runway
ST013,2025-06-01,85740.07,306910.8,68299.19,0.0222,2043.53,18788.88,5144.4,0.6995,3.68,33,9,50,0.557,4.49,-0.0459,14.2,9.9,81.5,96.8,58.9,57.1,False,Seed,Fintech,US West,45.0,46.5,Critical,Reduce burn immediately,Delay and fix blockers,Runway
ST013,2025-07-01,87744.14,268987.26,53268.37,0.0326,2489.8,27350.08,24610.9,0.9,3.41,30,9,76,0.532,5.05,0.0234,43.1,13.7,72.8,98.0,55.6,20.0,False,Seed,Fintech,US West,45.0,48.1,Critical,Reduce burn immediately,Delay and fix blockers,Runway
ST013,2025-08-01,96703.23,222541.86,62287.33,0.0217,2029.78,43964.33,118486.27,0.7329,3.09,34,8,60,0.512,3.57,0.1021,75.9,3.8,81.9,99.6,60.0,42.9,False,Seed,Fintech,US West,45.0,55.6,Watch,Reduce burn immediately,Delay and fix blockers,Runway
ST013,2025-09-01,99041.53,187416.81,48555.33,0.0104,2256.98,38600.15,28738.16,0.6199,3.53,26,8,69,0.501,3.86,0.0242,43.4,5.7,91.3,97.5,51.1,30.0,False,Seed,Fintech,US West,45.0,49.4,Critical,Reduce burn immediately,Delay and fix blockers,Runway
ST013,2025-10-01,99190.65,134300.86,58473.84,0.0203,2891.74,51313.86,5951.44,0.6972,4.01,28,8,38,0.502,2.3,0.0015,34.0,0.0,83.1,95.2,53.3,74.3,False,Seed,Fintech,US West,45.0,48.5,Critical,Reduce burn immediately,Delay and fix blockers,Runway
ST013,2025-11-01,99914.25,97673.4,51745.0,0.0578,1459.06,31070.39,8746.53,0.7563,1.85,26,8,56,0.515,1.89,0.0073,36.4,0.0,51.8,100.0,51.1,48.6,False,Seed,Fintech,US West,45.0,42.3,Critical,Reduce burn immediately,Delay and fix blockers,Runway
ST013,2025-12-01,90766.39,44402.09,63113.95,0.031,2983.76,56094.11,5445.98,0.7269,4.34,9,8,62,0.536,0.7,-0.0916,0.0,0.0,74.2,93.6,32.2,40.0,False,Seed,Fintech,US West,45.0,35.9,Critical,Reduce burn immediately,Delay and fix blockers,Runway
ST014,2025-01-01,31069.62,412545.86,47217.53,0.0854,3249.54,61946.96,1864.18,0.7478,6.71,27,4,61,0.574,8.74,0.0,33.3,38.3,28.8,82.3,52.2,41.4,False,Pre-seed,Healthtech,US Northeast,45.0,44.3,Critical,Hold spend and review runway,Delay and fix blockers,Retention
ST014,2025-02-01,31720.51,374724.97,41559.98,0.0312,2349.91,30431.54,7974.29,0.8132,4.37,32,4,51,0.592,9.02,0.0209,42.0,40.1,74.0,93.5,57.8,55.7,False,Pre-seed,Healthtech,US Northeast,45.0,56.9,Watch,Hold spend and review runway,Delay and fix blockers,Runway
ST014,2025-03-01,32511.3,337547.84,42361.68,0.0329,3005.17,18997.63,9726.02,0.678,6.54,36,4,55,0.6,7.97,0.0249,43.7,33.1,72.6,83.1,62.2,50.0,False,Pre-seed,Healthtech,US Northeast,45.0,53.8,Watch,Hold spend and review runway,Delay and fix blockers,Runway
ST014,2025-04-01,34720.85,302971.07,37644.44,0.042,3239.3,50441.19,28316.64,0.7903,5.67,53,7,48,0.595,8.05,0.068,61.7,33.7,65.0,87.3,81.1,60.0,False,Pre-seed,Healthtech,US Northeast,45.0,59.2,Watch,Hold spend and review runway,Delay and fix blockers,Runway
ST014,2025-05-01,33134.61,250959.18,53987.69,0.0404,2551.63,22404.0,1988.08,0.6427,10.07,24,7,94,0.58,4.65,-0.0457,14.3,11.0,66.3,66.3,48.9,0.0,False,Pre-seed,Healthtech,US Northeast,45.0,34.5,Critical,Reduce burn immediately,Delay and fix blockers,Team capacity
ST014,2025-06-01,32949.37,195464.11,59280.8,0.0709,2788.54,39003.86,1976.96,0.6323,11.24,23,7,78,0.557,3.3,-0.0056,31.0,2.0,40.9,60.8,47.8,17.1,False,Pre-seed,Healthtech,US Northeast,45.0,31.8,Critical,Reduce burn immediately,Delay and fix blockers,Runway
ST014,2025-07-01,35057.84,142596.02,58821.57,0.061,3286.08,41601.07,26920.75,0.8287,9.5,37,7,72,0.532,2.42,0.064,60.0,0.0,49.2,69.0,63.3,25.7,False,Pre-seed,Healthtech,US Northeast,45.0,41.2,Critical,Reduce burn immediately,Delay and fix blockers,Runway
ST014,2025-08-01,32550.4,88703.58,58775.06,0.0297,2434.86,18560.46,1953.02,0.7138,8.8,26,6,55,0.512,1.51,-0.0715,3.5,0.0,75.2,72.4,51.1,50.0,False,Pre-seed,Healthtech,US Northeast,45.0,36.4,Critical,Reduce burn immediately,Delay and fix blockers,Runway
ST014,2025-09-01,33123.67,38073.92,54061.06,0.0544,1554.74,20994.49,7000.38,0.7782,4.34,33,6,71,0.501,0.7,0.0176,40.7,0.0,54.7,93.6,58.9,27.1,False,Pre-seed,Healthtech,US Northeast,45.0,41.7,Critical,Reduce burn immediately,Delay and fix blockers,Runway
ST014,2025-10-01,30221.4,0.0,45246.77,0.0608,2357.32,51471.45,1813.28,0.7931,7.08,34,6,57,0.502,0.0,-0.0876,0.0,0.0,49.3,80.6,60.0,47.1,False,Pre-seed,Healthtech,US Northeast,45.0,33.4,Critical,Reduce burn immediately,Delay and fix blockers,Runway
ST014,2025-11-01,27312.07,0.0,58413.36,0.0455,2985.33,64947.46,1638.72,0.8088,9.73,23,6,57,0.515,0.0,-0.0963,0.0,0.0,62.1,68.0,47.8,47.1,False,Pre-seed,Healthtech,US Northeast,45.0,32.5,Critical,Reduce burn immediately,Delay and fix blockers,Runway
ST014,2025-12-01,28965.69,0.0,54680.67,0.0595,2668.37,31864.32,21044.91,0.7576,8.76,46,6,49,0.536,0.0,0.0605,58.5,0.0,50.4,72.6,73.3,58.6,False,Pre-seed,Healthtech,US Northeast,45.0,45.3,Critical,Reduce burn immediately,Delay and fix blockers,Runway
ST015,2025-01-01,47878.37,1450658.98,108594.41,0.0,3657.77,22327.37,29059.34,0.7161,19.2,10,15,42,0.574,13.36,0.0,33.3,69.1,100.0,22.9,33.3,68.6,True,Series A,Edtech,US South,100.0,60.6,Watch,Maintain planned spend,Prepare for outreach,Growth efficiency
ST015,2025-02-01,49761.15,1325147.47,131923.41,0.0191,2938.53,54794.1,23481.88,0.853,12.46,8,15,53,0.592,10.04,0.0393,49.7,46.9,84.1,55.0,31.1,52.9,True,Series A,Edtech,US South,100.0,58.7,Watch,Hold spend and review runway,Delay and fix blockers,Customer sentiment
ST015,2025-03-01,51603.48,1203930.94,124803.24,0.0224,3228.07,49035.21,22926.43,0.6907,16.3,-3,15,29,0.6,9.65,0.037,48.8,44.3,81.3,36.7,18.9,87.1,True,Series A,Edtech,US South,100.0,56.4,Watch,Hold spend and review runway,Delay and fix blockers,Customer sentiment
ST015,2025-04-01,56181.26,1070213.29,138165.75,0.0177,4317.97,22943.3,59806.58,0.7035,19.67,-9,15,54,0.595,7.75,0.0887,70.3,31.7,85.2,20.6,12.2,51.4,True,Series A,Edtech,US South,100.0,52.1,Watch,Hold spend and review runway,Delay and fix blockers,Customer sentiment
ST015,2025-05-01,59535.29,977284.75,96700.91,0.0,2906.76,16636.47,42651.15,0.5675,15.49,2,15,32,0.58,10.11,0.0597,58.2,47.4,100.0,40.5,24.4,82.9,True,Series A,Edtech,US South,100.0,62.6,Watch,Hold spend and review runway,Prepare for outreach,Customer sentiment
ST015,2025-06-01,63932.93,881032.03,107143.02,0.0236,3857.93,79953.11,56669.79,0.7296,14.89,-2,15,51,0.557,8.22,0.0739,64.1,34.8,80.3,43.4,20.0,55.7,True,Series A,Edtech,US South,100.0,55.3,Watch,Hold spend and review runway,Delay and fix blockers,Customer sentiment
ST015,2025-07-01,67596.47,787770.33,105171.68,0.016,3823.59,59017.35,46481.68,0.5066,20.1,-18,15,43,0.532,7.49,0.0573,57.2,29.9,86.7,18.6,2.2,67.1,True,Series A,Edtech,US South,100.0,49.5,Critical,Hold spend and review runway,Delay and fix blockers,Customer sentiment
ST015,2025-08-01,74747.8,685382.39,106854.28,0.0213,2458.24,33597.0,94894.7,0.8303,7.13,-2,17,43,0.512,6.41,0.1058,77.4,22.7,82.2,80.3,20.0,67.1,True,Series A,Edtech,US South,100.0,61.1,Watch,Hold spend and review runway,Prepare for outreach,Customer sentiment
ST015,2025-09-01,74266.63,552658.02,138557.68,0.0055,3037.56,26302.68,4456.0,0.8435,9.89,17,17,49,0.501,3.99,-0.0064,30.7,6.6,95.4,67.2,41.1,58.6,True,Series A,Edtech,US South,100.0,50.6,Watch,Reduce burn immediately,Delay and fix blockers,Runway
ST015,2025-10-01,73196.73,450665.32,114470.33,0.0134,2837.21,21449.79,4391.8,0.5656,13.98,-10,17,41,0.502,3.94,-0.0144,27.3,6.3,88.8,47.7,11.1,70.0,True,Series A,Edtech,US South,100.0,44.0,Critical,Reduce burn immediately,Delay and fix blockers,Runway
ST015,2025-11-01,73150.58,347919.1,113571.79,0.0149,2538.79,35140.02,4389.03,0.6877,10.3,-4,17,61,0.515,3.06,-0.0006,33.1,0.4,87.6,65.2,17.8,41.4,True,Series A,Edtech,US South,100.0,44.3,Critical,Reduce burn immediately,Delay and fix blockers,Runway
ST015,2025-12-01,71907.89,234777.09,125011.28,0.0025,3372.07,56273.4,4314.47,0.7211,13.27,8,17,53,0.536,1.88,-0.017,26.2,0.0,97.9,51.1,31.1,52.9,True,Series A,Edtech,US South,100.0,44.9,Critical,Reduce burn immediately,Delay and fix blockers,Runway
ST016,2025-01-01,37648.28,604545.62,54865.0,0.0474,3397.03,39742.6,58856.29,0.7791,11.12,35,8,55,0.574,11.02,0.0,33.3,53.5,60.5,61.3,61.1,50.0,True,Pre-seed,Edtech,US Northeast,100.0,57.2,Watch,Hold spend and review runway,Delay and fix blockers,Revenue growth
ST016,2025-02-01,38511.22,547494.86,61555.31,0.038,2091.78,38296.17,10592.54,0.6312,8.26,40,8,57,0.592,8.89,0.0229,42.9,39.3,68.3,75.0,66.7,47.1,True,Pre-seed,Edtech,US Northeast,100.0,59.0,Watch,Hold spend and review runway,Delay and fix blockers,Runway
ST016,2025-03-01,41969.09,488933.34,64956.86,0.0448,2245.28,12842.75,45220.21,0.9,5.71,33,8,60,0.6,7.53,0.0898,70.8,30.2,62.7,87.1,58.9,42.9,True,Pre-seed,Edtech,US Northeast,100.0,61.5,Watch,Hold spend and review runway,Prepare for outreach,Runway
ST016,2025-04-01,44092.99,439903.34,51327.69,0.0314,3189.81,41967.03,26776.62,0.7901,8.79,51,7,63,0.595,8.57,0.0506,54.4,37.1,73.8,72.4,78.9,38.6,True,Pre-seed,Edtech,US Northeast,100.0,61.6,Watch,Hold spend and review runway,Prepare for outreach,Runway
ST016,2025-05-01,46106.53,385541.55,59206.44,0.0555,2540.31,23879.41,25265.86,0.6768,6.84,36,7,39,0.58,6.51,0.0457,52.4,23.4,53.8,81.7,62.2,72.9,True,Pre-seed,Edtech,US Northeast,100.0,57.1,Watch,Hold spend and review runway,Delay and fix blockers,Runway
ST016,2025-06-01,44086.36,332324.57,57655.85,0.0457,3246.02,32862.08,2645.18,0.7005,8.83,31,7,56,0.557,5.76,-0.0438,15.1,18.4,61.9,72.2,56.7,48.6,True,Pre-seed,Edtech,US Northeast,100.0,46.7,Critical,Reduce burn immediately,Delay and fix blockers,Revenue growth
ST016,2025-07-01,47521.14,283066.3,55803.14,0.0512,3027.69,52030.1,44428.67,0.7928,6.75,32,7,38,0.532,5.07,0.0779,65.8,13.8,57.3,82.1,57.8,74.3,True,Pre-seed,Edtech,US Northeast,100.0,57.5,Watch,Reduce burn immediately,Delay and fix blockers,Runway
ST016,2025-08-01,46708.34,229428.94,61438.21,0.0346,2937.01,20873.18,2802.5,0.642,8.23,58,6,58,0.512,3.73,-0.0171,26.2,4.9,71.2,75.1,86.7,45.7,True,Pre-seed,Edtech,US Northeast,100.0,50.1,Watch,Reduce burn immediately,Delay and fix blockers,Runway
ST016,2025-09-01,49966.96,189641.55,46900.02,0.0308,1716.63,13335.75,41831.51,0.8778,2.82,40,6,50,0.501,4.04,0.0698,62.4,6.9,74.3,100.0,66.7,57.1,True,Pre-seed,Edtech,US Northeast,100.0,60.0,Watch,Reduce burn immediately,Delay and fix blockers,Runway
ST016,2025-10-01,51374.85,140939.54,57466.4,0.0463,2324.55,21116.74,17370.72,0.6274,5.19,34,6,54,0.502,2.45,0.0282,45.1,0.0,61.4,89.6,60.0,51.4,True,Pre-seed,Edtech,US Northeast,100.0,50.6,Watch,Reduce burn immediately,Delay and fix blockers,Runway
ST016,2025-11-01,49670.09,94950.08,50661.97,0.0386,2739.98,23114.3,2980.21,0.771,5.15,36,6,66,0.515,1.87,-0.0332,19.5,0.0,67.8,89.8,62.2,34.3,True,Pre-seed,Edtech,US Northeast,100.0,45.9,Critical,Reduce burn immediately,Delay and fix blockers,Runway
ST016,2025-12-01,53647.83,50994.37,48832.06,0.0536,2628.54,53158.49,51555.58,0.7904,4.46,44,6,55,0.536,1.04,0.0801,66.7,0.0,55.3,93.0,71.1,50.0,True,Pre-seed,Edtech,US Northeast,100.0,55.0,Watch,Reduce burn immediately,Delay and fix blockers,Runway
ST017,2025-01-01,91755.36,2580490.91,83136.76,0.0036,6999.64,46645.73,5505.32,0.6562,13.95,41,10,58,0.574,31.04,0.0,33.3,100.0,97.0,47.9,67.8,45.7,True,Series A,SaaS,US Midwest,100.0,72.7,Stable,Maintain planned spend,Prepare for outreach,Revenue growth
ST017,2025-02-01,98002.8,2498759.47,91635.17,0.0014,6268.14,126576.57,80073.75,0.7486,10.25,49,10,60,0.592,27.27,0.0681,61.7,100.0,98.8,65.5,76.7,42.9,True,Series A,SaaS,US Midwest,100.0,81.2,Stable,Maintain planned spend,Ready for outreach,Team capacity
ST017,2025-03-01,102230.74,2432226.72,78324.89,0.0094,7449.25,89599.1,52924.09,0.6981,12.53,51,10,55,0.6,31.05,0.0431,51.3,100.0,92.2,54.6,78.9,50.0,True,Series A,SaaS,US Midwest,100.0,77.5,Stable,Maintain planned spend,Ready for outreach,Team capacity
ST017,2025-04-01,119542.55,2383949.58,67279.35,0.0,6371.32,120480.84,242920.88,0.8077,7.92,56,9,52,0.595,35.43,0.1693,100.0,100.0,100.0,76.6,84.4,54.3,True,Series A,SaaS,US Midwest,100.0,91.5,Stable,Maintain planned spend,Ready for outreach,Team capacity
ST017,2025-05-01,142211.2,2325513.72,66634.38,0.0,6745.77,92471.92,323607.21,0.7108,7.21,46,9,62,0.58,34.9,0.1896,100.0,100.0,100.0,80.0,73.3,40.0,True,Series A,SaaS,US Midwest,100.0,89.7,Stable,Maintain planned spend,Ready for outreach,Team capacity
ST017,2025-06-01,141438.74,2282748.57,53256.61,0.0139,5779.71,72391.73,8486.32,0.7942,5.56,36,9,42,0.557,42.86,-0.0054,31.1,100.0,88.4,87.8,62.2,68.6,True,Series A,SaaS,US Midwest,100.0,77.7,Stable,Hold spend and review runway,Ready for outreach,Revenue growth
ST017,2025-07-01,157414.64,2232018.03,60397.17,0.0452,5278.58,54634.38,213365.13,0.6809,5.32,37,9,40,0.532,36.96,0.113,80.4,100.0,62.3,89.0,63.3,71.4,True,Series A,SaaS,US Midwest,100.0,82.9,Stable,Maintain planned spend,Ready for outreach,Retention
ST017,2025-08-01,161367.04,2198004.52,47395.68,0.0146,6492.91,104622.96,48619.61,0.7882,5.51,58,12,55,0.512,46.38,0.0251,43.8,100.0,87.8,88.0,86.7,50.0,True,Series A,SaaS,US Midwest,100.0,80.9,Stable,Maintain planned spend,Ready for outreach,Revenue growth
ST017,2025-09-01,151566.0,2154151.81,68696.61,0.0099,5953.27,84131.29,9093.96,0.9,6.28,45,12,41,0.501,31.36,-0.0607,8.0,100.0,91.8,84.4,72.2,70.0,True,Series A,SaaS,US Midwest,100.0,74.8,Stable,Hold spend and review runway,Prepare for outreach,Revenue growth
ST017,2025-10-01,149555.65,2079398.58,86060.35,0.0066,6218.9,67608.86,8973.34,0.7228,8.28,36,12,50,0.502,24.16,-0.0133,27.8,100.0,94.5,74.9,62.2,57.1,True,Series A,SaaS,US Midwest,100.0,75.4,Stable,Hold spend and review runway,Ready for outreach,Revenue growth
ST017,2025-11-01,156517.93,2020363.48,77481.91,0.0,6455.12,79363.63,87436.76,0.7889,7.53,48,12,64,0.515,26.08,0.0466,52.7,100.0,100.0,78.4,75.6,37.1,True,Series A,SaaS,US Midwest,100.0,81.0,Stable,Maintain planned spend,Ready for outreach,Team capacity
ST017,2025-12-01,174109.27,1938018.79,93914.82,0.0032,6165.72,121952.67,234821.59,0.6881,7.41,45,12,44,0.536,20.64,0.1124,80.2,100.0,97.3,79.0,72.2,65.7,True,Series A,SaaS,US Midwest,100.0,87.5,Stable,Maintain planned spend,Ready for outreach,Team capacity
ST018,2025-01-01,57052.31,639549.29,63899.09,0.0282,4524.77,29822.34,114325.7,0.6661,10.0,55,7,50,0.574,10.01,0.0,33.3,46.7,76.5,66.7,83.3,57.1,False,Seed,SaaS,US Midwest,45.0,56.2,Watch,Hold spend and review runway,Delay and fix blockers,Revenue growth
ST018,2025-02-01,56878.26,591019.13,56610.51,0.0351,4177.14,23692.31,3412.7,0.7794,7.92,38,7,42,0.592,10.44,-0.0031,32.0,49.6,70.8,76.6,64.4,68.6,False,Seed,SaaS,US Midwest,45.0,56.1,Watch,Hold spend and review runway,Delay and fix blockers,Revenue growth
ST018,2025-03-01,59352.37,535823.74,64000.04,0.0638,2351.01,24730.18,30980.75,0.8227,4.04,54,7,54,0.6,8.37,0.0435,51.5,35.8,46.8,95.0,82.2,51.4,False,Seed,SaaS,US Midwest,45.0,55.5,Watch,Hold spend and review runway,Delay and fix blockers,Runway
ST018,2025-04-01,65656.14,480935.4,58843.25,0.0526,3552.22,35120.97,83679.54,0.7782,5.84,58,10,49,0.595,8.17,0.1062,77.6,34.5,56.2,86.5,86.7,58.6,False,Seed,SaaS,US Midwest,45.0,61.2,Watch,Hold spend and review runway,Prepare for outreach,Runway
ST018,2025-05-01,67077.97,403669.92,84135.98,0.0684,3725.49,31861.54,17431.38,0.4949,13.47,66,10,45,0.58,4.8,0.0217,42.4,12.0,43.0,50.1,95.6,64.3,False,Seed,SaaS,US Midwest,45.0,43.6,Critical,Reduce burn immediately,Delay and fix blockers,Runway
ST018,2025-06-01,62906.33,325742.99,87833.36,0.0631,3902.17,77106.93,3774.38,0.769,9.68,67,10,63,0.557,3.71,-0.0622,7.4,4.7,47.4,68.2,96.7,38.6,False,Seed,SaaS,US Midwest,45.0,36.8,Critical,Reduce burn immediately,Delay and fix blockers,Runway
ST018,2025-07-01,60406.97,249764.76,84714.57,0.0514,4284.43,84246.1,3624.42,0.8142,10.45,43,10,45,0.532,2.95,-0.0397,16.8,0.0,57.2,64.5,70.0,64.3,False,Seed,SaaS,US Midwest,45.0,37.8,Critical,Reduce burn immediately,Delay and fix blockers,Runway
ST018,2025-08-01,62252.43,184278.38,70498.41,0.0478,3841.86,51140.02,22822.14,0.7005,10.57,51,11,66,0.512,2.61,0.0306,46.1,0.0,60.2,64.0,78.9,34.3,False,Seed,SaaS,US Midwest,45.0,42.0,Critical,Reduce burn immediately,Delay and fix blockers,Runway
ST018,2025-09-01,66104.31,98602.29,93086.01,0.0536,3908.83,37041.59,49082.62,0.7693,10.15,56,11,77,0.501,1.06,0.0619,59.1,0.0,55.3,66.0,84.4,18.6,False,Seed,SaaS,US Midwest,45.0,43.2,Critical,Reduce burn immediately,Delay and fix blockers,Runway
ST018,2025-10-01,68260.32,17850.53,86875.57,0.0544,2325.35,46101.81,26715.93,0.7813,5.76,63,11,53,0.502,0.21,0.0326,46.9,0.0,54.7,86.9,92.2,52.9,False,Seed,SaaS,US Midwest,45.0,47.3,Critical,Reduce burn immediately,Delay and fix blockers,Runway
ST018,2025-11-01,75246.03,0.0,75993.17,0.0502,3369.11,73386.6,92407.38,0.7468,7.91,60,11,63,0.515,0.0,0.1023,76.0,0.0,58.2,76.6,88.9,38.6,False,Seed,SaaS,US Midwest,45.0,50.2,Watch,Reduce burn immediately,Delay and fix blockers,Runway
ST018,2025-12-01,82286.32,0.0,88886.88,0.0483,4091.17,38373.08,92388.06,0.6624,9.91,48,11,69,0.536,0.0,0.0936,72.3,0.0,59.8,67.1,75.6,30.0,False,Seed,SaaS,US Midwest,45.0,46.4,Critical,Reduce burn immediately,Delay and fix blockers,Runway
